dataset,model,format,macro-F1 (%),Δ vs native (pts),size (MB),peak RSS (MB),cold start (s),p50 (ms),p95 (ms),p50 spread over rounds (%),p50 × fastest,speed-up vs PyTorch fp32,throughput (texts/s),CPU ms/text
twifil_clean,SVM-char,scikit-learn,60.8,0.0,3.0,202.0,1.89,1.03,1.34,5.1,1.0,,4973.4,0.2
twifil_clean,NB-char,scikit-learn,60.4,0.0,4.6,195.0,2.96,2.39,3.04,41.9,2.3,,4389.1,0.23
twifil_clean,LR-word+char,scikit-learn,61.0,0.0,3.4,206.0,2.19,2.72,4.67,4.0,2.6,,2133.2,0.46
twifil_clean,mE5-small,ONNX int8,69.8,-0.01,129.1,519.0,2.21,21.15,75.76,28.2,20.5,1.9,20.6,48.01
twifil_clean,mE5-small,ONNX int8 per-channel,70.3,0.49,129.3,519.0,3.32,21.26,51.84,13.5,20.6,1.9,19.5,50.15
twifil_clean,mE5-small,ONNX fp32,69.8,0.0,465.3,875.0,4.33,25.31,58.64,11.5,24.5,1.6,16.0,61.7
twifil_clean,mE5-small,PyTorch fp32,69.8,0.0,465.1,1215.0,15.21,39.38,81.61,26.9,38.1,1.0,16.8,58.13
twifil_clean,MARBERTv2,ONNX int8,67.8,-2.54,158.6,366.0,2.6,43.17,122.49,2.6,41.8,2.9,8.5,116.72
twifil_clean,DziriBERT,ONNX int8,70.5,-0.3,120.6,316.0,1.59,43.37,96.36,1.1,41.9,2.7,10.6,93.38
twifil_clean,DziriBERT,ONNX int8 per-channel,69.3,-1.52,121.0,328.0,1.95,45.15,106.9,1.5,43.7,2.6,9.2,105.73
twifil_clean,MARBERTv2,ONNX int8 per-channel,16.5,-53.9,159.0,387.0,3.89,48.15,119.3,6.0,46.6,2.6,7.9,124.39
twifil_clean,CAMeLBERT-DA,ONNX int8,58.8,-6.96,105.5,376.0,1.4,53.4,149.57,13.5,51.7,2.5,6.1,161.51
twifil_clean,CAMeLBERT-DA,ONNX int8 per-channel,22.9,-42.95,105.9,402.0,2.62,55.64,170.71,29.3,53.8,2.4,5.9,165.38
twifil_clean,DziriBERT,ONNX fp32,70.8,0.0,476.1,841.0,2.61,71.8,155.67,15.8,69.5,1.6,7.3,134.65
twifil_clean,MARBERTv2,ONNX fp32,70.4,0.0,624.0,991.0,5.27,73.34,175.82,2.5,70.9,1.7,5.9,168.43
twifil_clean,CAMeLBERT-DA,ONNX fp32,65.8,0.0,417.1,862.0,4.36,109.18,252.12,3.7,105.6,1.2,4.4,222.96
twifil_clean,DziriBERT,PyTorch fp32,70.8,0.0,475.9,1075.0,11.52,116.15,212.1,2.6,112.4,1.0,7.7,128.07
twifil_clean,MARBERTv2,PyTorch fp32,70.4,0.0,623.8,1193.0,10.78,124.35,248.49,14.0,120.3,1.0,6.2,158.54
twifil_clean,CAMeLBERT-DA,PyTorch fp32,65.8,0.0,416.9,1155.0,10.01,131.13,303.55,3.0,126.8,1.0,4.6,213.62
youtube,SVM-char,scikit-learn,76.8,0.0,10.0,260.0,3.76,1.31,2.51,29.9,1.0,,2810.9,0.35
youtube,NB-char,scikit-learn,73.1,0.0,15.2,255.0,4.94,3.46,5.18,11.9,2.6,,1578.2,0.6
youtube,LR-word+char,scikit-learn,75.9,0.0,14.0,304.0,4.16,8.2,11.34,40.2,6.2,,1598.0,0.61
youtube,mE5-small,ONNX int8 per-channel,75.3,-0.83,129.3,622.0,6.25,18.04,63.62,17.8,13.7,2.2,12.3,80.68
youtube,mE5-small,ONNX int8,75.6,-0.53,129.1,622.0,5.98,18.2,63.74,17.3,13.8,2.2,12.1,81.88
youtube,MARBERTv2,ONNX int8,79.1,0.09,158.6,548.0,3.79,22.45,75.74,4.1,17.1,5.8,9.2,106.28
youtube,mE5-small,ONNX fp32,76.1,0.0,465.3,956.0,11.59,25.33,80.94,46.5,19.3,1.6,9.0,110.65
youtube,MARBERTv2,ONNX int8 per-channel,17.5,-61.56,159.0,527.0,8.26,39.79,141.97,42.0,30.3,3.3,4.9,198.85
youtube,mE5-small,PyTorch fp32,76.1,0.0,465.1,1326.0,23.4,40.2,89.19,13.5,30.6,1.0,10.5,93.31
youtube,DziriBERT,ONNX int8,79.7,-0.44,120.6,512.0,1.9,40.93,142.42,23.2,31.1,3.4,4.8,205.45
youtube,DziriBERT,ONNX int8 per-channel,79.0,-1.18,121.0,476.0,1.86,41.42,145.78,2.5,31.5,3.3,4.7,207.37
youtube,CAMeLBERT-DA,ONNX int8 per-channel,19.7,-55.65,105.9,614.0,4.93,45.66,157.35,3.1,34.7,2.7,4.2,236.31
youtube,CAMeLBERT-DA,ONNX int8,72.2,-3.21,105.5,606.0,5.93,50.94,175.12,3.2,38.7,2.4,4.0,244.95
youtube,MARBERTv2,ONNX fp32,79.0,0.0,624.0,1115.0,14.87,67.71,199.42,3.0,51.5,1.9,3.6,271.36
youtube,DziriBERT,ONNX fp32,80.2,0.0,476.1,956.0,6.93,80.05,215.67,23.7,60.9,1.7,3.3,298.57
youtube,CAMeLBERT-DA,ONNX fp32,75.4,0.0,417.1,911.0,10.62,82.26,236.11,1.4,62.6,1.5,2.9,343.96
youtube,CAMeLBERT-DA,PyTorch fp32,75.4,0.0,416.9,1176.0,29.28,123.73,316.67,3.2,94.1,1.0,3.1,317.08
youtube,MARBERTv2,PyTorch fp32,79.0,0.0,623.8,1394.0,24.85,130.47,320.05,7.7,99.2,1.0,3.6,272.0
youtube,DziriBERT,PyTorch fp32,80.2,0.0,475.9,1212.0,17.42,137.95,331.93,3.6,104.9,1.0,3.5,276.63
