dataset,model,macro-F1 (%),95% CI
twifil_clean,CAMeLBERT-DA,65.8,"[63.4, 68.1]"
twifil_clean,DziriBERT,70.8,"[68.5, 73.2]"
twifil_clean,LR-word+char,61.0,"[58.3, 63.2]"
twifil_clean,MARBERTv2,70.4,"[67.9, 72.6]"
twifil_clean,mE5-small,69.8,"[67.3, 72.2]"
twifil_clean,NB-char,60.4,"[58.0, 62.7]"
twifil_clean,SVM-char,60.8,"[58.3, 63.1]"
twifil_clean,Δ DziriBERT − LR-word+char,9.9,"[7.6, 12.0]"
youtube,CAMeLBERT-DA,75.4,"[74.1, 76.7]"
youtube,DziriBERT,80.2,"[78.9, 81.4]"
youtube,LR-word+char,75.9,"[74.6, 77.1]"
youtube,MARBERTv2,79.0,"[77.8, 80.3]"
youtube,mE5-small,76.1,"[74.8, 77.3]"
youtube,NB-char,73.1,"[71.6, 74.5]"
youtube,SVM-char,76.8,"[75.6, 78.0]"
youtube,Δ DziriBERT − SVM-char,3.4,"[2.3, 4.5]"
