dataset,model,family,seeds,macro-F1 (%),accuracy (%),F1 negative (%),F1 neutral (%),F1 positive (%)
twifil_clean,NB-char,Classical (TF-IDF),1,60.4,67.1,66.1,41.2,74.0
twifil_clean,SVM-char,Classical (TF-IDF),1,60.8,67.9,66.6,40.7,75.1
twifil_clean,LR-word+char,Classical (TF-IDF),1,61.0,66.2,65.7,44.7,72.6
twifil_clean,DziriBERT,Arabic/dialect BERT,3,70.8 ± 0.1,75.8 ± 0.4,75.1,56.1,81.3
twifil_clean,MARBERTv2,Arabic/dialect BERT,3,70.3 ± 0.4,76.0 ± 0.3,75.5,53.5,81.8
twifil_clean,CAMeLBERT-DA,Arabic/dialect BERT,3,63.5 ± 2.5,70.1 ± 1.5,67.9,46.0,76.5
twifil_clean,mE5-small,Multilingual small transformer,3,70.1 ± 0.7,74.8 ± 1.0,73.9,56.3,80.0
youtube,NB-char,Classical (TF-IDF),1,73.1,78.1,81.2,52.2,85.8
youtube,SVM-char,Classical (TF-IDF),1,76.8,79.4,81.4,62.5,86.4
youtube,LR-word+char,Classical (TF-IDF),1,75.9,78.2,80.2,61.5,85.9
youtube,DziriBERT,Arabic/dialect BERT,3,79.5 ± 0.8,82.0 ± 0.6,83.6,66.5,88.6
youtube,MARBERTv2,Arabic/dialect BERT,3,78.9 ± 0.2,81.5 ± 0.2,83.6,65.0,88.0
youtube,CAMeLBERT-DA,Arabic/dialect BERT,3,75.5 ± 0.3,78.8 ± 0.1,80.7,59.7,86.2
youtube,mE5-small,Multilingual small transformer,3,76.1 ± 0.4,79.0 ± 0.3,80.1,61.7,86.6
twifil_official,NB-char,Classical (TF-IDF),1,72.9,73.0,67.5,75.7,75.4
twifil_official,SVM-char,Classical (TF-IDF),1,73.3,73.6,68.1,76.0,75.9
twifil_official,LR-word+char,Classical (TF-IDF),1,72.1,72.6,64.6,76.2,75.6
twifil_official,DziriBERT,Arabic/dialect BERT,3,79.6 ± 0.3,80.2 ± 0.3,75.5,80.5,82.8
twifil_official,MARBERTv2,Arabic/dialect BERT,3,79.4 ± 0.2,80.0 ± 0.1,75.1,80.5,82.6
twifil_official,CAMeLBERT-DA,Arabic/dialect BERT,3,74.8 ± 0.6,75.5 ± 0.5,68.6,77.1,78.7
twifil_official,mE5-small,Multilingual small transformer,3,79.2 ± 0.4,79.5 ± 0.4,74.3,81.3,81.8
narabizi,NB-char,Classical (TF-IDF),1,55.9,68.1,65.8,18.2,83.8
narabizi,SVM-char,Classical (TF-IDF),1,57.1,66.4,60.8,27.0,83.6
narabizi,LR-word+char,Classical (TF-IDF),1,58.1,66.4,60.5,30.0,83.6
narabizi,DziriBERT,Arabic/dialect BERT,3,66.0 ± 2.0,72.9 ± 1.0,67.6,42.6,87.6
narabizi,MARBERTv2,Arabic/dialect BERT,3,64.6 ± 2.2,71.1 ± 2.7,68.0,42.1,83.8
narabizi,CAMeLBERT-DA,Arabic/dialect BERT,3,51.1 ± 4.4,54.3 ± 7.5,50.6,39.9,62.8
narabizi,mE5-small,Multilingual small transformer,3,53.5 ± 5.5,65.8 ± 1.4,61.5,19.6,79.3
