id,label,source_label
narabizi-train-M2S30,1,NEU
narabizi-train-3100,1,NEU
narabizi-train-3015,0,NEG
narabizi-train-4685,1,NEU
narabizi-train-2112,2,POS
narabizi-train-3745,2,POS
narabizi-train-3990,2,POS
narabizi-train-M1S7,1,NEU
narabizi-train-9292,2,POS
narabizi-train-3025,1,NEU
narabizi-train-578,0,NEG
narabizi-train-48,2,POS
narabizi-train-4590,0,NEG
narabizi-train-4567,1,NEU
narabizi-train-M4S6,0,NEG
narabizi-train-1402,1,NEU
narabizi-train-M4S58,1,NEU
narabizi-train-1144,2,POS
narabizi-train-M4S5,0,NEG
narabizi-train-M3S34,0,NEG
narabizi-train-M3S57,1,NEU
narabizi-train-1544,0,NEG
narabizi-train-4523,0,NEG
narabizi-train-2316,2,POS
narabizi-train-M4S19,1,NEU
narabizi-train-4225,1,NEU
narabizi-train-723,2,POS
narabizi-train-4569,2,POS
narabizi-train-M1S13,0,NEG
narabizi-train-M3S40,0,NEG
narabizi-train-128,0,NEG
narabizi-train-2149,2,POS
narabizi-train-M2S34,1,NEU
narabizi-train-M3S65,0,NEG
narabizi-train-M3S11,0,NEG
narabizi-train-M4S73,1,NEU
narabizi-train-2845,2,POS
narabizi-train-4547,0,NEG
narabizi-train-2063,1,NEU
narabizi-train-M1S18,1,NEU
narabizi-train-4518,0,NEG
narabizi-train-4214,0,NEG
narabizi-train-4488,1,NEU
narabizi-train-4508,0,NEG
narabizi-train-869,1,NEU
narabizi-train-1458,2,POS
narabizi-train-3936,2,POS
narabizi-train-1501,2,POS
narabizi-train-1752,1,NEU
narabizi-train-3420,1,NEU
narabizi-train-2203,2,POS
narabizi-train-9345,2,POS
narabizi-train-998,0,NEG
narabizi-train-2702,1,NEU
narabizi-train-M4S79,0,NEG
narabizi-train-2735,1,NEU
narabizi-train-3830,1,NEU
narabizi-train-3523,2,POS
narabizi-train-M2S33,1,NEU
narabizi-train-4439,2,POS
narabizi-train-1338,2,POS
narabizi-train-M1S6,0,NEG
narabizi-train-54,0,NEG
narabizi-train-M4S36,0,NEG
narabizi-train-1157,0,NEG
narabizi-train-3918,2,POS
narabizi-train-4513,2,POS
narabizi-train-M4S31,0,NEG
narabizi-train-4573,0,NEG
narabizi-train-4404,2,POS
narabizi-train-1684,2,POS
narabizi-train-1384,0,NEG
narabizi-train-4693,0,NEG
narabizi-train-305,0,NEG
narabizi-train-5351,2,POS
narabizi-train-3919,0,NEG
narabizi-train-M1S2,0,NEG
narabizi-train-39,0,NEG
narabizi-train-2200,2,POS
narabizi-train-M2S42,2,POS
narabizi-train-25,0,NEG
narabizi-train-52,0,NEG
narabizi-train-3290,0,NEG
narabizi-train-46,0,NEG
narabizi-train-510,2,POS
narabizi-train-M2S54,0,NEG
narabizi-train-4584,0,NEG
narabizi-train-M2S19,0,NEG
narabizi-train-M4S21,1,NEU
narabizi-train-4554,2,POS
narabizi-train-9317,0,NEG
narabizi-train-M1S10,0,NEG
narabizi-train-2208,2,POS
narabizi-train-2589,0,NEG
narabizi-train-3293,0,NEG
narabizi-train-2898,2,POS
narabizi-train-4639,2,POS
narabizi-train-M3S68,0,NEG
narabizi-train-4428,0,NEG
narabizi-train-525,0,NEG
narabizi-train-2449,2,POS
narabizi-train-M2S29,1,NEU
narabizi-train-M4S15,2,POS
narabizi-train-9285,0,NEG
narabizi-train-M3S61,0,NEG
narabizi-train-M4S54,2,POS
narabizi-train-2083,2,POS
narabizi-train-4539,0,NEG
narabizi-train-1039,0,NEG
narabizi-train-23,0,NEG
narabizi-train-4262,2,POS
narabizi-train-919,2,POS
narabizi-train-2214,2,POS
narabizi-train-256,2,POS
narabizi-train-9291,2,POS
narabizi-train-M4S37,1,NEU
narabizi-train-967,2,POS
narabizi-train-714,2,POS
narabizi-train-9309,2,POS
narabizi-train-4619,0,NEG
narabizi-train-2801,2,POS
narabizi-train-15,0,NEG
narabizi-train-M3S48,1,NEU
narabizi-train-9302,0,NEG
narabizi-train-686,0,NEG
narabizi-train-4505,0,NEG
narabizi-train-4650,0,NEG
narabizi-train-M2S26,0,NEG
narabizi-train-M2S57,1,NEU
narabizi-train-313,2,POS
narabizi-train-3760,0,NEG
narabizi-train-M3S36,0,NEG
narabizi-train-1974,2,POS
narabizi-train-2830,2,POS
narabizi-train-M4S23,1,NEU
narabizi-train-4178,2,POS
narabizi-train-107,0,NEG
narabizi-train-3052,0,NEG
narabizi-train-M2S11,1,NEU
narabizi-train-4437,0,NEG
narabizi-train-3687,0,NEG
narabizi-train-9367,2,POS
narabizi-train-4486,2,POS
narabizi-train-4426,2,POS
narabizi-train-M4S44,1,NEU
narabizi-train-2113,2,POS
narabizi-train-3058,0,NEG
narabizi-train-1607,2,POS
narabizi-train-9312,0,NEG
narabizi-train-100,0,NEG
narabizi-train-2788,1,NEU
narabizi-train-2433,0,NEG
narabizi-train-598,0,NEG
narabizi-train-4662,0,NEG
narabizi-train-M2S48,1,NEU
narabizi-train-3375,2,POS
narabizi-train-9355,2,POS
narabizi-train-910,0,NEG
narabizi-train-9329,0,NEG
narabizi-train-4224,0,NEG
narabizi-train-4222,2,POS
narabizi-train-4648,0,NEG
narabizi-train-M2S32,0,NEG
narabizi-train-M3S17,0,NEG
narabizi-train-1706,2,POS
narabizi-train-4371,0,NEG
narabizi-train-1951,2,POS
narabizi-train-1316,0,NEG
narabizi-train-3272,2,POS
narabizi-train-775,2,POS
narabizi-train-M4S52,0,NEG
narabizi-train-1561,2,POS
narabizi-train-M4S56,0,NEG
narabizi-train-17,2,POS
narabizi-train-M4S48,0,NEG
narabizi-train-9371,2,POS
narabizi-train-M1S15,0,NEG
narabizi-train-3250,0,NEG
narabizi-train-57,0,NEG
narabizi-train-1591,1,NEU
narabizi-train-3789,2,POS
narabizi-train-3338,0,NEG
narabizi-train-M4S4,0,NEG
narabizi-train-3514,0,NEG
narabizi-train-47,0,NEG
narabizi-train-542,0,NEG
narabizi-train-4597,0,NEG
narabizi-train-3917,1,NEU
narabizi-train-9356,2,POS
narabizi-train-M3S47,0,NEG
narabizi-train-4600,0,NEG
narabizi-train-1790,1,NEU
narabizi-train-1298,2,POS
narabizi-train-9350,2,POS
narabizi-train-1088,1,NEU
narabizi-train-1048,2,POS
narabizi-train-M3S64,0,NEG
narabizi-train-1323,0,NEG
narabizi-train-M2S52,0,NEG
narabizi-train-M2S46,0,NEG
narabizi-train-4605,2,POS
narabizi-train-2558,0,NEG
narabizi-train-9297,0,NEG
narabizi-train-4665,2,POS
narabizi-train-1241,2,POS
narabizi-train-4684,2,POS
narabizi-train-1227,0,NEG
narabizi-train-601,1,NEU
narabizi-train-M2S44,1,NEU
narabizi-train-240,0,NEG
narabizi-train-4688,0,NEG
narabizi-train-3887,1,NEU
narabizi-train-4661,0,NEG
narabizi-train-3279,2,POS
narabizi-train-35,0,NEG
narabizi-train-154,2,POS
narabizi-train-80,0,NEG
narabizi-train-1973,2,POS
narabizi-train-M3S69,0,NEG
narabizi-train-2713,0,NEG
narabizi-train-M4S7,2,POS
narabizi-train-M4S33,0,NEG
narabizi-train-4464,1,NEU
narabizi-train-2194,2,POS
narabizi-train-2095,2,POS
narabizi-train-4603,2,POS
narabizi-train-585,1,NEU
narabizi-train-M4S81,0,NEG
narabizi-train-4268,2,POS
narabizi-train-4649,2,POS
narabizi-train-2431,2,POS
narabizi-train-9323,0,NEG
narabizi-train-4608,2,POS
narabizi-train-4410,1,NEU
narabizi-train-M3S16,1,NEU
narabizi-train-4256,0,NEG
narabizi-train-1847,0,NEG
narabizi-train-3880,0,NEG
narabizi-train-M4S76,0,NEG
narabizi-train-2224,1,NEU
narabizi-train-602,0,NEG
narabizi-train-1438,2,POS
narabizi-train-26,0,NEG
narabizi-train-582,0,NEG
narabizi-train-9274,0,NEG
narabizi-train-1639,2,POS
narabizi-train-33,2,POS
narabizi-train-3053,0,NEG
narabizi-train-857,0,NEG
narabizi-train-1754,2,POS
narabizi-train-1321,2,POS
narabizi-train-4419,0,NEG
narabizi-train-1472,0,NEG
narabizi-train-4624,2,POS
narabizi-train-3601,2,POS
narabizi-train-9334,2,POS
narabizi-train-M4S20,1,NEU
narabizi-train-M3S30,0,NEG
narabizi-train-9284,1,NEU
narabizi-train-9294,2,POS
narabizi-train-320,0,NEG
narabizi-train-3417,1,NEU
narabizi-train-4611,2,POS
narabizi-train-4687,2,POS
narabizi-train-2262,2,POS
narabizi-train-43,2,POS
narabizi-train-702,2,POS
narabizi-train-3309,2,POS
narabizi-train-1885,2,POS
narabizi-train-1141,0,NEG
narabizi-train-4629,2,POS
narabizi-train-4418,0,NEG
narabizi-train-121,2,POS
narabizi-train-9296,1,NEU
narabizi-train-4349,0,NEG
narabizi-train-3351,0,NEG
narabizi-train-746,0,NEG
narabizi-train-36,0,NEG
narabizi-train-M3S44,1,NEU
narabizi-train-9307,0,NEG
narabizi-train-9318,2,POS
narabizi-train-3481,1,NEU
narabizi-train-4551,2,POS
narabizi-train-M2S50,1,NEU
narabizi-train-2257,1,NEU
narabizi-train-3828,0,NEG
narabizi-train-2145,2,POS
narabizi-train-3892,1,NEU
narabizi-train-M3S32,0,NEG
narabizi-train-4647,2,POS
narabizi-train-3860,1,NEU
narabizi-train-1877,0,NEG
narabizi-train-1013,2,POS
narabizi-train-1474,2,POS
narabizi-train-3418,2,POS
narabizi-train-2793,2,POS
narabizi-train-2,2,POS
narabizi-train-M2S27,1,NEU
narabizi-train-M4S49,1,NEU
narabizi-train-2332,0,NEG
narabizi-train-4409,2,POS
narabizi-train-4511,2,POS
narabizi-train-3680,0,NEG
narabizi-train-3803,0,NEG
narabizi-train-2160,0,NEG
narabizi-train-M4S46,1,NEU
narabizi-train-1264,0,NEG
narabizi-train-2539,1,NEU
narabizi-train-4490,2,POS
narabizi-train-85,0,NEG
narabizi-train-M4S72,1,NEU
narabizi-train-9348,2,POS
narabizi-train-4411,2,POS
narabizi-train-M2S25,0,NEG
narabizi-train-4207,2,POS
narabizi-train-4601,0,NEG
narabizi-train-4284,1,NEU
narabizi-train-2947,1,NEU
narabizi-train-1774,2,POS
narabizi-train-3979,2,POS
narabizi-train-4695,0,NEG
narabizi-train-104,0,NEG
narabizi-train-4562,2,POS
narabizi-train-3341,0,NEG
narabizi-train-4211,0,NEG
narabizi-train-1931,2,POS
narabizi-train-2410,2,POS
narabizi-train-4643,2,POS
narabizi-train-2450,2,POS
narabizi-train-4525,2,POS
narabizi-train-4186,2,POS
narabizi-train-4468,0,NEG
narabizi-train-M2S35,0,NEG
narabizi-train-572,0,NEG
narabizi-train-2600,1,NEU
narabizi-train-3407,1,NEU
narabizi-train-3849,0,NEG
narabizi-train-3993,0,NEG
narabizi-train-2073,1,NEU
narabizi-train-4656,2,POS
narabizi-train-73,1,NEU
narabizi-train-749,0,NEG
narabizi-train-824,2,POS
narabizi-train-3189,0,NEG
narabizi-train-101,0,NEG
narabizi-train-540,2,POS
narabizi-train-1872,2,POS
narabizi-train-4,1,NEU
narabizi-train-273,1,NEU
narabizi-train-4622,1,NEU
narabizi-train-4042,0,NEG
narabizi-train-M3S67,0,NEG
narabizi-train-M3S62,1,NEU
narabizi-train-4286,0,NEG
narabizi-train-3096,2,POS
narabizi-train-3899,0,NEG
narabizi-train-M3S60,1,NEU
narabizi-train-M2S6,1,NEU
narabizi-train-4208,1,NEU
narabizi-train-559,0,NEG
narabizi-train-4046,1,NEU
narabizi-train-4670,1,NEU
narabizi-train-848,0,NEG
narabizi-train-3967,0,NEG
narabizi-train-4671,2,POS
narabizi-train-4461,0,NEG
narabizi-train-55,0,NEG
narabizi-train-9287,0,NEG
narabizi-train-4123,2,POS
narabizi-train-3681,2,POS
narabizi-train-M4S40,1,NEU
narabizi-train-5356,0,NEG
narabizi-train-4614,2,POS
narabizi-train-M3S14,1,NEU
narabizi-train-108,0,NEG
narabizi-train-M4S70,1,NEU
narabizi-train-103,0,NEG
narabizi-train-4609,2,POS
narabizi-train-1361,2,POS
narabizi-train-4522,2,POS
narabizi-train-3307,2,POS
narabizi-train-1162,0,NEG
narabizi-train-1685,2,POS
narabizi-train-M4S84,1,NEU
narabizi-train-773,2,POS
narabizi-train-1263,2,POS
narabizi-train-2751,2,POS
narabizi-train-4459,2,POS
narabizi-train-858,1,NEU
narabizi-train-M3S15,0,NEG
narabizi-train-4506,0,NEG
narabizi-train-4598,1,NEU
narabizi-train-M4S24,1,NEU
narabizi-train-4585,1,NEU
narabizi-train-4514,1,NEU
narabizi-train-2821,2,POS
narabizi-train-M4S2,0,NEG
narabizi-train-1756,0,NEG
narabizi-train-3421,2,POS
narabizi-train-2677,2,POS
narabizi-train-M2S16,0,NEG
narabizi-train-4504,1,NEU
narabizi-train-M3S54,0,NEG
narabizi-train-77,2,POS
narabizi-train-4679,0,NEG
narabizi-train-3428,2,POS
narabizi-train-1630,2,POS
narabizi-train-31,1,NEU
narabizi-train-9306,2,POS
narabizi-train-771,2,POS
narabizi-train-1653,2,POS
narabizi-train-4615,2,POS
narabizi-train-M4S82,1,NEU
narabizi-train-M4S53,1,NEU
narabizi-train-939,2,POS
narabizi-train-4001,1,NEU
narabizi-train-M3S12,0,NEG
narabizi-train-1304,1,NEU
narabizi-train-M4S57,1,NEU
narabizi-train-2110,2,POS
narabizi-train-2674,1,NEU
narabizi-train-716,1,NEU
narabizi-train-816,0,NEG
narabizi-train-4515,2,POS
narabizi-train-818,2,POS
narabizi-train-109,0,NEG
narabizi-train-4442,1,NEU
narabizi-train-4467,0,NEG
narabizi-train-4445,0,NEG
narabizi-train-3161,0,NEG
narabizi-train-160,2,POS
narabizi-train-831,1,NEU
narabizi-train-248,0,NEG
narabizi-train-1467,2,POS
narabizi-train-2011,2,POS
narabizi-train-M4S35,1,NEU
narabizi-train-1865,0,NEG
narabizi-train-2307,0,NEG
narabizi-train-1757,0,NEG
narabizi-train-4053,1,NEU
narabizi-train-4415,2,POS
narabizi-train-M4S55,1,NEU
narabizi-train-2028,0,NEG
narabizi-train-M4S17,1,NEU
narabizi-train-7,1,NEU
narabizi-train-3971,1,NEU
narabizi-train-655,1,NEU
narabizi-train-1242,0,NEG
narabizi-train-712,2,POS
narabizi-train-518,2,POS
narabizi-train-2566,2,POS
narabizi-train-4534,1,NEU
narabizi-train-4542,0,NEG
narabizi-train-2891,2,POS
narabizi-train-1596,0,NEG
narabizi-train-2341,2,POS
narabizi-train-M3S70,1,NEU
narabizi-train-2846,0,NEG
narabizi-train-4676,2,POS
narabizi-train-802,0,NEG
narabizi-train-4246,0,NEG
narabizi-train-4606,1,NEU
narabizi-train-9322,1,NEU
narabizi-train-3223,2,POS
narabizi-train-3535,2,POS
narabizi-train-M4S13,0,NEG
narabizi-train-2598,2,POS
narabizi-train-1370,2,POS
narabizi-train-1745,2,POS
narabizi-train-9354,2,POS
narabizi-train-2283,0,NEG
narabizi-train-9362,1,NEU
narabizi-train-4336,0,NEG
narabizi-train-537,2,POS
narabizi-train-4423,2,POS
narabizi-train-M3S10,0,NEG
narabizi-train-4532,2,POS
narabizi-train-892,2,POS
narabizi-train-3525,2,POS
narabizi-train-9293,2,POS
narabizi-train-2336,2,POS
narabizi-train-2017,2,POS
narabizi-train-888,1,NEU
narabizi-train-1493,0,NEG
narabizi-train-2514,0,NEG
narabizi-train-3372,0,NEG
narabizi-train-258,0,NEG
narabizi-train-4571,1,NEU
narabizi-train-964,2,POS
narabizi-train-4455,1,NEU
narabizi-train-4538,1,NEU
narabizi-train-2783,0,NEG
narabizi-train-4617,0,NEG
narabizi-train-M2S7,1,NEU
narabizi-train-1247,2,POS
narabizi-train-1342,0,NEG
narabizi-train-2002,2,POS
narabizi-train-9299,0,NEG
narabizi-train-1573,2,POS
narabizi-train-1957,0,NEG
narabizi-train-9303,0,NEG
narabizi-train-4480,2,POS
narabizi-train-1723,1,NEU
narabizi-train-167,1,NEU
narabizi-train-3965,0,NEG
narabizi-train-2075,0,NEG
narabizi-train-2052,0,NEG
narabizi-train-M2S39,0,NEG
narabizi-train-2560,2,POS
narabizi-train-4587,0,NEG
narabizi-train-4630,1,NEU
narabizi-train-6,0,NEG
narabizi-train-4191,0,NEG
narabizi-train-2125,2,POS
narabizi-train-9357,2,POS
narabizi-train-3546,2,POS
narabizi-train-4616,0,NEG
narabizi-train-69,2,POS
narabizi-train-M4S59,1,NEU
narabizi-train-9288,1,NEU
narabizi-train-M4S27,0,NEG
narabizi-train-M4S42,1,NEU
narabizi-train-4499,2,POS
narabizi-train-M4S85,1,NEU
narabizi-train-2718,2,POS
narabizi-train-13,1,NEU
narabizi-train-3945,2,POS
narabizi-train-M3S66,0,NEG
narabizi-train-56,0,NEG
narabizi-train-1541,0,NEG
narabizi-train-4457,2,POS
narabizi-train-4138,2,POS
narabizi-train-224,1,NEU
narabizi-train-4463,0,NEG
narabizi-train-4412,2,POS
narabizi-train-4040,0,NEG
narabizi-train-4546,0,NEG
narabizi-train-M3S45,0,NEG
narabizi-train-3671,0,NEG
narabizi-train-785,2,POS
narabizi-train-1265,2,POS
narabizi-train-2775,2,POS
narabizi-train-9310,2,POS
narabizi-train-158,0,NEG
narabizi-train-M4S86,1,NEU
narabizi-train-M2S17,1,NEU
narabizi-train-4691,1,NEU
narabizi-train-M4S43,1,NEU
narabizi-train-4529,0,NEG
narabizi-train-M3S58,0,NEG
narabizi-train-9336,2,POS
narabizi-train-10,0,NEG
narabizi-train-4682,2,POS
narabizi-train-9277,0,NEG
narabizi-train-M4S47,2,POS
narabizi-train-2414,2,POS
narabizi-train-4407,1,NEU
narabizi-train-M2S55,0,NEG
narabizi-train-4674,0,NEG
narabizi-train-4559,2,POS
narabizi-train-3248,2,POS
narabizi-train-3172,1,NEU
narabizi-train-4550,1,NEU
narabizi-train-1464,2,POS
narabizi-train-774,2,POS
narabizi-train-3031,2,POS
narabizi-train-4570,1,NEU
narabizi-train-4595,2,POS
narabizi-train-1609,1,NEU
narabizi-train-2643,2,POS
narabizi-train-92,2,POS
narabizi-train-1543,2,POS
narabizi-train-3549,2,POS
narabizi-train-M4S22,1,NEU
narabizi-train-M4S87,1,NEU
narabizi-train-4613,1,NEU
narabizi-train-1422,2,POS
narabizi-train-4669,1,NEU
narabizi-train-4635,2,POS
narabizi-train-546,0,NEG
narabizi-train-2747,1,NEU
narabizi-train-614,1,NEU
narabizi-train-M1S1,0,NEG
narabizi-train-M3S73,1,NEU
narabizi-train-4038,2,POS
narabizi-train-514,1,NEU
narabizi-train-2084,2,POS
narabizi-train-4482,1,NEU
narabizi-train-294,2,POS
narabizi-train-4000,0,NEG
narabizi-train-4636,0,NEG
narabizi-train-M4S12,0,NEG
narabizi-train-1718,2,POS
narabizi-train-4580,0,NEG
narabizi-train-1566,2,POS
narabizi-train-1317,2,POS
narabizi-train-680,0,NEG
narabizi-train-78,1,NEU
narabizi-train-4699,1,NEU
narabizi-train-9298,1,NEU
narabizi-train-2531,1,NEU
narabizi-train-M2S40,2,POS
narabizi-train-1724,2,POS
narabizi-train-M4S39,0,NEG
narabizi-train-4479,0,NEG
narabizi-train-586,2,POS
narabizi-train-1524,1,NEU
narabizi-train-3777,0,NEG
narabizi-train-9370,2,POS
narabizi-train-2177,0,NEG
narabizi-train-4632,2,POS
narabizi-train-1325,2,POS
narabizi-train-4560,0,NEG
narabizi-train-907,1,NEU
narabizi-train-49,1,NEU
narabizi-train-M4S80,1,NEU
narabizi-train-3254,1,NEU
narabizi-train-3691,0,NEG
narabizi-train-4405,2,POS
narabizi-train-M4S74,1,NEU
narabizi-train-4530,0,NEG
narabizi-train-4545,1,NEU
narabizi-train-12,1,NEU
narabizi-train-2790,2,POS
narabizi-train-2510,2,POS
narabizi-train-4563,2,POS
narabizi-train-4491,2,POS
narabizi-train-4492,2,POS
narabizi-train-M2S10,1,NEU
narabizi-train-90,0,NEG
narabizi-train-M1S23,0,NEG
narabizi-train-M2S47,1,NEU
narabizi-train-2676,2,POS
narabizi-train-2711,2,POS
narabizi-train-4082,2,POS
narabizi-train-42,0,NEG
narabizi-train-891,2,POS
narabizi-train-M1S22,1,NEU
narabizi-train-4589,1,NEU
narabizi-train-M3S74,1,NEU
narabizi-train-1769,2,POS
narabizi-train-2817,2,POS
narabizi-train-M3S13,1,NEU
narabizi-train-2794,1,NEU
narabizi-train-3973,2,POS
narabizi-train-1236,2,POS
narabizi-train-1193,1,NEU
narabizi-train-1001,2,POS
narabizi-train-M4S1,0,NEG
narabizi-train-4683,2,POS
narabizi-train-1356,1,NEU
narabizi-train-1959,2,POS
narabizi-train-4697,1,NEU
narabizi-train-M4S75,1,NEU
narabizi-train-M2S31,1,NEU
narabizi-train-4583,2,POS
narabizi-train-4502,1,NEU
narabizi-train-2132,1,NEU
narabizi-train-938,2,POS
narabizi-train-4109,1,NEU
narabizi-train-2311,2,POS
narabizi-train-1922,0,NEG
narabizi-train-M3S31,0,NEG
narabizi-train-3907,2,POS
narabizi-train-M2S37,1,NEU
narabizi-train-3886,2,POS
narabizi-train-3,1,NEU
narabizi-train-14,0,NEG
narabizi-train-747,1,NEU
narabizi-train-4519,0,NEG
narabizi-train-4510,1,NEU
narabizi-train-4493,2,POS
narabizi-train-1,2,POS
narabizi-train-96,1,NEU
narabizi-train-M4S50,1,NEU
narabizi-train-41,2,POS
narabizi-train-3463,0,NEG
narabizi-train-M2S2,2,POS
narabizi-train-4501,2,POS
narabizi-train-3915,0,NEG
narabizi-train-2179,0,NEG
narabizi-train-M4S38,0,NEG
narabizi-train-M4S68,1,NEU
narabizi-train-4607,1,NEU
narabizi-train-4618,1,NEU
narabizi-train-M3S59,0,NEG
narabizi-train-2732,0,NEG
narabizi-train-4577,1,NEU
narabizi-train-4592,0,NEG
narabizi-train-543,0,NEG
narabizi-train-M4S3,1,NEU
narabizi-train-2967,2,POS
narabizi-train-97,1,NEU
narabizi-train-4429,0,NEG
narabizi-train-726,2,POS
narabizi-train-4527,0,NEG
narabizi-train-2504,1,NEU
narabizi-train-3835,2,POS
narabizi-train-M1S12,0,NEG
narabizi-train-2004,2,POS
narabizi-train-4251,2,POS
narabizi-train-1670,1,NEU
narabizi-train-M3S9,1,NEU
narabizi-train-4512,2,POS
narabizi-train-84,2,POS
narabizi-train-4653,2,POS
narabizi-train-9316,1,NEU
narabizi-train-M4S78,2,POS
narabizi-train-4347,2,POS
narabizi-train-3266,2,POS
narabizi-train-4646,2,POS
narabizi-train-98,0,NEG
narabizi-train-4003,2,POS
narabizi-train-M3S43,0,NEG
narabizi-train-4654,2,POS
narabizi-train-M4S51,1,NEU
narabizi-train-79,2,POS
narabizi-train-1285,2,POS
narabizi-train-4485,1,NEU
narabizi-train-870,0,NEG
narabizi-train-541,2,POS
narabizi-train-3198,2,POS
narabizi-train-2437,0,NEG
narabizi-train-M3S37,1,NEU
narabizi-train-1068,2,POS
narabizi-train-M2S51,1,NEU
narabizi-train-4022,1,NEU
narabizi-train-1964,2,POS
narabizi-train-4333,2,POS
narabizi-train-9347,2,POS
narabizi-train-3346,0,NEG
narabizi-train-3832,2,POS
narabizi-train-M2S15,1,NEU
narabizi-train-M2S36,1,NEU
narabizi-train-1400,2,POS
narabizi-train-4564,2,POS
narabizi-train-4119,2,POS
narabizi-train-4111,2,POS
narabizi-train-1362,2,POS
narabizi-train-4498,2,POS
narabizi-train-1035,1,NEU
narabizi-train-2646,2,POS
narabizi-train-M2S14,0,NEG
narabizi-train-4496,2,POS
narabizi-train-M4S10,0,NEG
narabizi-train-4533,0,NEG
narabizi-train-1856,2,POS
narabizi-train-1031,2,POS
narabizi-train-3433,0,NEG
narabizi-train-3036,0,NEG
narabizi-train-9342,2,POS
narabizi-train-4694,0,NEG
narabizi-train-1414,2,POS
narabizi-train-1199,0,NEG
narabizi-train-24-49,1,NEU
