dataset,step,all,train,dev,test,total
narabizi,0_input,0,756,97,113,966
narabizi,0b_mixed_label_dropped,0,242,40,31,313
narabizi,4_cross_split_leakage,0,1,0,0,1
narabizi,5_output,0,755,97,113,965
narabizi_4class,0_input,0,998,137,144,1279
narabizi_4class,4_cross_split_leakage,0,1,0,0,1
narabizi_4class,5_output,0,997,137,144,1278
twifil_clean,0_input,0,7077,0,2360,9437
twifil_clean,1_empty_after_url_mention_removal,0,994,0,318,1312
twifil_clean,2_conflicting_labels,0,136,0,50,186
twifil_clean,3_duplicate_within_split,0,295,0,50,345
twifil_clean,4_cross_split_leakage,0,98,0,0,98
twifil_clean,5_output,0,5554,0,1942,7496
youtube,0_input,45000,0,0,0,45000
youtube,1_empty_after_url_mention_removal,9,0,0,0,9
youtube,2_conflicting_labels,19,0,0,0,19
youtube,3_duplicate_within_split,62,0,0,0,62
youtube,5_output,44910,0,0,0,44910
youtube,6_split,0,35928,4491,4491,44910
