dataset,split,n,% neg,% neu,% pos,% mix,median tokens,mean tokens,% Arabic script,% Latin script,% Mixed script,% with emoji,% no text (URL/mention only)
twifil_official,train,6369,27.9,26.1,46.0,,6.0,8.2,51.1,29.9,1.7,21.8,14.1
twifil_official,dev,708,27.8,26.1,46.0,,6.0,8.2,54.0,28.7,1.1,23.6,13.6
twifil_official,test,2360,27.3,26.4,46.3,,6.0,8.2,51.9,30.6,1.5,23.2,13.5
twifil_official,all,9437,27.7,26.2,46.1,,6.0,8.2,51.5,30.0,1.6,22.3,13.9
twifil_clean,train,4998,34.8,14.5,50.7,,8.0,10.0,60.0,35.4,2.1,26.5,0.0
twifil_clean,dev,556,34.7,14.6,50.7,,10.0,10.7,61.9,35.1,0.5,24.8,0.0
twifil_clean,test,1942,32.9,15.0,52.2,,8.0,9.8,59.6,36.3,1.8,27.4,0.0
twifil_clean,all,7496,34.3,14.6,51.1,,8.0,10.0,60.0,35.6,1.9,26.6,0.0
narabizi_4class,train,997,27.4,19.2,29.2,24.3,12.0,14.0,0.0,100.0,0.0,0.0,0.0
narabizi_4class,dev,137,32.1,15.3,23.4,29.2,12.0,14.6,0.0,100.0,0.0,0.0,0.0
narabizi_4class,test,144,23.6,13.9,41.0,21.5,11.0,13.9,0.0,100.0,0.0,0.0,0.0
narabizi_4class,all,1278,27.5,18.2,29.9,24.5,12.0,14.1,0.0,100.0,0.0,0.0,0.0
narabizi,train,755,36.2,25.3,38.5,,10.0,12.3,0.0,100.0,0.0,0.0,0.0
narabizi,dev,97,45.4,21.6,33.0,,10.0,11.6,0.0,100.0,0.0,0.0,0.0
narabizi,test,113,30.1,17.7,52.2,,10.0,11.8,0.0,100.0,0.0,0.0,0.0
narabizi,all,965,36.4,24.0,39.6,,10.0,12.2,0.0,100.0,0.0,0.0,0.0
youtube,train,35928,35.5,22.4,42.1,,9.0,13.3,86.3,12.6,1.0,17.0,0.0
youtube,dev,4491,35.5,22.4,42.1,,9.0,12.6,86.6,12.3,1.0,17.3,0.0
youtube,test,4491,35.5,22.4,42.1,,9.0,13.2,86.4,12.3,1.1,16.6,0.0
youtube,all,44910,35.5,22.4,42.1,,9.0,13.2,86.3,12.5,1.0,17.0,0.0
